item_category_id,shop_id,mean_nearest_price_per_cate
0,0,93.0
0,25,148.0
0,38,22.4
1,0,283.0
1,45,148.0
2,0,1762.375
2,1,1915.0555555555557
2,2,2178.5317610062893
2,3,2174.9868421052633
2,4,2315.265625
2,5,2288.5703703703703
2,6,2318.7241
2,7,2241.5789999999997
2,8,2173.409090909091
2,9,2517.241666666667
2,10,1725.4308823529411
2,11,2455.745
2,12,2368.223404255319
2,14,2171.268292682927
2,15,2180.8985507246375
2,16,2102.2927304964537
2,17,2155.059829059829
2,18,2225.966209943097
2,19,2340.1132075471696
2,21,2077.21875
2,22,2156.4972972972973
2,23,2465.0476190476193
2,24,2215.1337209302324
2,25,2283.6416875522136
2,26,2373.6907407407407
2,27,2361.738865800866
2,28,2254.8999084249085
2,29,2344.516987179487
2,30,2224.7259615384614
2,31,2390.4456845238096
2,32,1995.1
2,33,2184.2
2,35,2275.1226666666666
2,37,2344.2083333333335
2,38,2298.607051282051
2,39,2162.5714285714284
2,41,2204.0327988338195
2,42,2500.7962264150947
2,43,2528.4363636363637
2,44,2092.7528571428575
2,45,2245.548780487805
2,46,2278.94
2,47,2173.886222222222
2,48,2325.2727272727275
2,49,2203.1079999999997
2,50,2092.3194711538463
2,51,1703.0587500000001
2,52,2171.3565891472867
2,53,2282.738825757576
2,54,2419.1525157232704
2,56,2092.1979166666665
2,57,2208.9127777777776
2,58,2230.368794326241
2,59,2124.011111111111
3,0,242.0
3,1,242.0
3,2,1906.0617283950617
3,3,1812.1179487179486
3,4,1619.3066666666666
3,5,1999.0041666666666
3,6,1706.1538461538462
3,7,1532.6296296296296
3,9,1847.5333333333333
3,10,1403.146847826087
3,11,1962.0149999999999
3,12,1877.1954022988505
3,13,1727.0
3,14,1847.5833333333333
3,15,1647.1785714285713
3,16,1743.5595238095236
3,17,1873.1666666666667
3,18,1814.1954022988505
3,19,1833.7586206896551
3,21,1852.826979472141
3,22,1866.1091954022988
3,23,499.0
3,24,1738.5476190476131
3,25,1888.6649756493637
3,26,1733.3910256410256
3,27,1714.3456349206351
3,28,1886.21875
3,29,1714.2857142857142
3,30,1766.3416666666667
3,31,1907.4947209653092
3,32,499.0
3,33,1979.4509803921567
3,34,1921.5294117647059
3,35,1998.6384479717813
3,36,2753.6
3,37,1709.2435897435898
3,38,1715.6153846153845
3,39,2023.0
3,40,3190.0
3,41,1750.9312499999999
3,42,1856.9625
3,43,1711.0595238095239
3,44,1881.3589743589744
3,45,2003.6
3,46,1971.989247311828
3,47,1875.3653333333334
3,48,1898.26
3,49,1681.2608695652175
3,50,1912.72
3,51,1311.651
3,52,1894.1410256410256
3,53,1899.0802469135801
3,54,1622.3110256410257
3,56,1856.0654761904764
3,57,1624.8214285714287
3,58,1629.3466666666666
3,59,1736.5520833333333
4,0,566.5
4,1,490.42857142857144
4,2,604.7142857142857
4,3,662.6166666666667
4,4,405.61538461538464
4,5,584.0875
4,6,557.1666666666666
4,7,454.375
4,8,894.5
4,10,987.0
4,12,741.2
4,14,439.0
4,15,660.5714285714286
4,16,589.4761904761905
4,17,561.7142857142857
4,18,700.375
4,19,604.0
4,21,611.8714285714286
4,22,375.8
4,23,1665.0
4,24,379.84000000000003
4,25,599.9583333333333
4,26,795.9499999999999
4,27,625.0
4,28,719.0875
4,29,637.6666666666666
4,30,619.0714285714286
4,31,427.6666666666667
4,32,580.5166666666667
4,33,299.0
4,35,477.0
4,37,460.25
4,38,712.6166666666667
4,39,299.0
4,41,598.8125
4,42,625.0
4,43,710.7142857142857
4,44,596.0
4,45,596.75
4,46,491.55
4,47,604.7142857142857
4,49,592.8
4,50,492.0625
4,51,566.5
4,52,427.5
4,53,625.0
4,54,537.5714285714286
4,56,650.8333333333334
4,57,547.7142857142857
4,58,617.8571428571429
4,59,632.1428571428571
5,0,764.8823529411765
5,1,789.1538461538462
5,2,928.0805555555556
5,3,833.85
5,4,663.6402298850575
5,5,683.874074074074
5,6,778.0791666666668
5,7,722.5384615384615
5,8,1302.2857142857142
5,10,642.8823529411765
5,11,86.94
5,12,739.952380952381
5,14,799.7066666666667
5,15,976.3944444444444
5,16,758.2648148148148
5,17,691.0454545454545
5,18,719.3185185185184
5,19,795.8454545454545
5,21,825.7642857142857
5,22,849.9814814814815
5,23,1030.8461538461538
5,24,821.525
5,25,818.0819444444445
5,26,828.3695652173913
5,27,841.5454545454545
5,28,834.0314102564103
5,29,752.25625
5,30,810.2173913043479
5,31,822.8
5,32,1074.242857142857
5,33,760.25
5,35,749.3902173913043
5,37,885.4705882352941
5,38,761.4565217391304
5,39,614.75
5,41,749.9833333333333
5,42,829.7673611111112
5,43,897.7511363636364
5,44,770.0684210526315
5,45,667.6916666666667
5,46,860.4047619047619
5,47,786.5047619047618
5,48,661.6363636363636
5,49,794.5
5,50,867.0460317460318
5,51,596.3636363636364
5,52,731.9583333333334
5,53,774.4736842105264
5,54,875.3958333333333
5,56,821.0958333333333
5,57,744.665909090909
5,58,897.0999999999999
5,59,771.7222222222222
6,0,2144.818181818182
6,1,2038.25
6,2,1961.6206896551723
6,3,2011.736
6,4,2091.748275862069
6,5,2055.7444444444445
6,6,1994.0860215053763
6,7,2055.6569892473117
6,8,1724.8333333333333
6,9,1941.0875
6,10,1376.1
6,11,1814.5
6,12,2767.2083333333335
6,14,2168.626282051282
6,15,2005.5376344086021
6,16,2240.838888888889
6,17,1842.9347826086957
6,18,2127.2166666666667
6,19,2075.8214285714284
6,21,2046.8
6,22,2680.6491228070176
6,23,1804.75
6,24,2059.0933333333332
6,25,2387.637202380952
6,26,2143.5548387096774
6,27,2067.0818670576737
6,28,2074.8489583333335
6,29,2244.2903225806454
6,30,2176.5862068965516
6,31,2149.6891121031745
6,32,1836.4444444444443
6,33,2214.488888888889
6,34,3210.0
6,35,2284.1102564102566
6,36,3940.0
6,37,2246.2575757575755
6,38,2205.4129032258065
6,39,1925.1842105263158
6,41,2040.6607142857142
6,42,2067.8805555555555
6,43,2069.9139784946237
6,44,2148.875
6,45,2468.035714285714
6,46,2031.8344086021507
6,47,2027.1333333333332
6,48,2031.6041666666667
6,49,1917.9108974358974
6,50,2068.188172043011
6,51,1404.8073684210526
6,52,2001.0320512820513
6,53,2237.3870967741937
6,54,2012.3459677419355
6,56,2088.6
6,57,2082.8654377880184
6,58,2103.6516129032257
6,59,2076.28
7,2,2726.8125
7,3,2712.1176470588234
7,4,2712.8571428571427
7,5,3163.3571428571427
7,6,3027.49
7,7,3040.8571428571427
7,9,1627.5714285714287
7,10,2019.7213333333334
7,11,5818.95
7,12,2591.842105263158
7,14,2956.8125
7,15,2485.315789473684
7,16,2476.483333333333
7,17,3530.8212121212123
7,18,2598.133333333333
7,19,2721.9333333333334
7,21,3043.259126984127
7,22,2369.3735294117646
7,24,2702.755757575758
7,25,2705.0539449112975
7,26,2685.575
7,27,2822.8421296296297
7,28,2675.9333333333334
7,29,2949.8333333333335
7,30,2665.2846153846153
7,31,2827.4992063492064
7,33,2691.488888888889
7,34,2615.247058823529
7,35,2495.4375
7,37,2499.3632154882157
7,38,2569.1759398496242
7,39,2482.575925925926
7,41,2606.8
7,42,2814.796212121212
7,43,3010.276923076923
7,44,2459.5714285714284
7,45,2392.235294117647
7,46,2805.161111111111
7,47,2820.4736842105262
7,48,2650.4221491228072
7,49,2606.733333333333
7,50,2882.222222222222
7,51,1477.0
7,52,2388.363888888889
7,53,2546.563823529412
7,54,2878.5044117647058
7,56,2828.7057692307694
7,57,2594.3684210526317
7,58,2460.15625
7,59,2989.7083333333335
8,2,1100.0
8,3,1768.3333333333333
8,4,1400.0
8,5,1322.2222222222224
8,6,1363.4259259259259
8,7,1527.7777777777776
8,12,1590.7081182537413
8,14,1933.3333333333333
8,15,1595.6140350877195
8,16,1690.0284900284903
8,17,900.0
8,19,1538.0952380952378
8,21,1664.1325536062377
8,22,1596.936274509804
8,24,1657.5757575757577
8,25,1645.5555555555554
8,26,1692.222222222222
8,27,1605.5865229778276
8,28,1711.2698412698412
8,29,1691.9047619047622
8,30,1586.1952861952861
8,31,1612.9442195231668
8,33,1100.0
8,34,2216.6666666666665
8,35,1633.3333333333333
8,37,1500.0
8,38,750.0
8,39,750.0
8,41,1372.222222222222
8,42,1622.5108225108224
8,43,1297.5757575757577
8,44,1100.0
8,45,950.0
8,46,1583.7606837606836
8,47,750.0
8,50,1100.0
8,52,900.0
8,53,1500.0
8,54,1648.5754985754986
8,55,1145.350301039956
8,56,1384.313725490196
8,57,750.0
8,58,1300.0
8,59,1368.5185185185185
9,12,677.5854823765101
10,26,1998.0
11,0,12657.7
11,1,13245.416666666666
11,2,12339.258064516129
11,3,12271.341269841269
11,4,12548.638888888889
11,5,12115.014492753622
11,6,12613.10632183908
11,7,12700.902998236332
11,8,13990.0
11,9,11989.946875
11,10,11643.4
11,12,13168.8
11,14,12404.431818181818
11,15,12477.809523809525
11,16,12728.23275862069
11,17,12438.568627450979
11,18,12586.690959595959
11,19,12420.81111111111
11,21,12431.685000000001
11,22,13037.266666666666
11,23,12739.95
11,24,12245.895833333334
11,25,12548.87925170068
11,26,12728.368
11,27,12589.63688271605
11,28,13027.32816091954
11,29,12547.466666666667
11,30,12488.538461538461
11,31,12582.401609195402
11,32,13490.0
11,33,12790.0
11,34,14492.0
11,35,12682.855
11,37,12159.063333333334
11,38,12273.394047619047
11,39,12767.0
11,41,12122.413793103447
11,42,12647.925595238095
11,43,12579.913793103447
11,44,11909.0
11,45,11736.46527777778
11,46,12758.868965517242
11,47,12726.802469135802
11,48,13440.0
11,49,12158.083333333334
11,50,12518.009523809524
11,51,12122.806666666667
11,52,12620.076923076924
11,53,12942.636363636364
11,54,12970.140705128204
11,56,12736.246913580248
11,57,12548.35576923077
11,58,12767.934666666668
11,59,12512.297619047618
12,2,26532.657509157052
12,3,23977.5
12,4,24791.642857142855
12,5,25382.966666666667
12,6,23594.36083916084
12,7,25262.346153846152
12,9,20565.5
12,10,24392.931
12,11,22928.958749999998
12,12,23735.273504273333
12,13,19268.333333333332
12,14,25100.55
12,15,27110.059523809523
12,16,26324.05719921105
12,17,22317.31428571429
12,18,25757.987012987014
12,19,25592.8
12,21,27442.128205128207
12,22,24218.608465608464
12,24,23239.917435897434
12,25,26980.667287784952
12,26,24851.15
12,27,23852.69273313492
12,28,23985.0
12,29,22777.775510204083
12,30,22640.203907203908
12,31,27115.358630952378
12,33,23418.571428571428
12,34,25120.454545454544
12,35,26228.311458333334
12,36,28392.0
12,37,23083.183333333334
12,38,23306.166666666668
12,39,26633.083333333332
12,40,17991.0
12,41,25610.5277777775
12,42,26368.077922077922
12,43,22418.82600732601
12,44,24557.0
12,45,24237.301587301587
12,46,23935.153846153848
12,47,25779.041666666668
12,48,23295.916666666668
12,49,24789.666666666664
12,50,25038.55844155844
12,51,21750.885714285716
12,52,24952.61038961039
12,53,24699.545454545456
12,54,23214.41847041804
12,56,25167.887896825396
12,57,26505.646153846155
12,58,24722.62222222222
12,59,24905.25
13,0,4553.142857142857
13,1,4584.0
13,2,4214.71
13,3,4393.775
13,4,4966.925
13,5,4539.8
13,6,4540.0
13,7,4881.541666666667
13,8,4990.0
13,10,3852.5
13,12,3798.0
13,14,4459.233333333334
13,15,4759.233333333334
13,16,4292.433333333333
13,17,3798.0
13,18,4192.572222222222
13,19,4093.2
13,21,4228.566666666667
13,23,5061.8
13,25,4789.675
13,26,4339.85
13,27,4514.85
13,28,4759.133333333333
13,29,4759.133333333333
13,30,4759.133333333333
13,31,4559.233333333334
13,32,4389.85
13,35,4389.7
13,37,4270.044444444444
13,38,4723.099999999999
13,41,4864.8
13,42,4616.7
13,43,4806.516666666666
13,44,4789.85
13,45,4292.666666666667
13,46,4539.7
13,47,4789.799999999999
13,50,4790.0
13,51,4445.0
13,52,4390.0
13,53,4539.7
13,54,4539.85
13,56,4790.0
13,57,4675.658333333334
13,58,4489.85
13,59,4939.95
14,0,10693.0
14,1,10825.5
14,2,9353.581818181818
14,3,9289.94375
14,4,8869.596875
14,5,9070.966666666667
14,6,9024.708333333334
14,7,9381.622222222222
14,8,11990.0
14,9,9490.0
14,10,9591.0
14,12,9311.42857142857
14,13,9043.0
14,14,9364.975
14,15,9974.692307692309
14,16,8546.75
14,17,8717.927272727273
14,18,8954.694117647057
14,19,8820.282352941176
14,21,9159.3125
14,22,8849.939999999999
14,23,10810.0
14,24,9345.555555555557
14,25,9497.803645833334
14,26,9137.092647058824
14,27,9425.407291666666
14,28,9227.43984375
14,29,9448.333333333334
14,30,9372.39411764706
14,31,9226.947916666666
14,32,11617.5
14,33,8490.0
14,34,9490.0
14,35,9188.983333333334
14,37,9445.68076923077
14,38,8876.427272727273
14,39,7942.666666666667
14,41,10149.93409090909
14,42,9136.8703125
14,43,9336.096153846154
14,44,9040.0
14,45,8466.046666666667
14,46,9816.903846153846
14,47,9708.75
14,48,9156.641666666666
14,49,8237.384615384615
14,50,9284.058823529413
14,51,9078.076923076924
14,52,9013.3375
14,53,9399.9
14,54,9359.424444444445
14,56,9239.96875
14,57,8962.755555555555
14,58,8907.096875
14,59,9114.96875
15,0,11589.5
15,1,11823.8
15,2,11312.361538461539
15,3,11079.26923076923
15,4,11055.154320987655
15,5,10976.078947368422
15,6,11090.698
15,7,11254.223015873016
15,8,11393.8
15,9,9081.615277783334
15,10,8705.46695652174
15,12,12382.857142857143
15,14,11521.6
15,15,11629.977272727272
15,16,11486.101234567901
15,17,10982.41
15,18,11596.943933333334
15,19,11149.395833333334
15,21,11460.570588235294
15,22,12253.925000000001
15,23,12806.666666666666
15,24,12090.932843137256
15,25,11548.244444444443
15,26,11608.0
15,27,11660.098840579709
15,28,11838.017424242424
15,29,11865.121212121212
15,30,11195.515833333335
15,31,11369.686666666668
15,32,12190.75
15,33,12290.0
15,34,10594.0
15,35,10912.287333333334
15,37,11175.24393939394
15,38,11302.260666666667
15,39,11402.35
15,41,11006.958333333334
15,42,11101.575892857143
15,43,10875.726190476189
15,44,9549.618055555555
15,45,10989.32427536232
15,46,11603.96440972222
15,47,11272.017361111111
15,48,12003.151666666667
15,49,10744.462820512821
15,50,11401.670166666667
15,51,10489.945600000001
15,52,11374.142307692307
15,53,11327.66884057971
15,54,11581.304385964911
15,56,11268.693333333333
15,57,11488.35917874396
15,58,11682.378442028985
15,59,11175.534615384617
16,2,18943.70303030303
16,3,20618.96666667
16,4,21603.62037036667
16,5,22879.96875
16,6,19964.81818181818
16,7,17649.85
16,9,24249.0
16,10,14345.72642857143
16,12,18490.625
16,14,19784.727272727272
16,15,18972.196969696968
16,16,19717.875
16,17,18161.666666666668
16,18,21534.7625
16,19,18850.06666666667
16,21,19646.361111111113
16,22,20425.481481480554
16,24,19759.30318181818
16,25,21373.428846155126
16,26,20197.019913421213
16,27,19357.516666666666
16,28,21931.48076923077
16,29,19836.86875
16,30,18524.261904761905
16,31,19723.219907408333
16,33,22334.39
16,34,21876.2
16,35,20817.68611111111
16,36,21991.0
16,37,19578.50909090909
16,38,21888.433333333334
16,39,17538.120000000003
16,41,18983.120000000003
16,42,22472.397435897437
16,43,16223.070138888888
16,44,17662.444444444445
16,45,17045.833333333332
16,46,19842.590909090908
16,47,20438.666666666668
16,48,19679.1575
16,49,16882.01111111111
16,50,19342.475
16,51,15570.26625
16,52,19697.972222222223
16,53,21348.972222222223
16,54,17916.78148148148
16,56,22989.370370370372
16,57,19184.70930736136
16,58,21604.0
16,59,19431.8625
17,2,2815.0
17,3,3490.0
17,4,2150.0
17,5,2351.8
17,6,2290.0
17,7,2150.0
17,12,2456.0
17,15,2840.0
17,16,2361.4285714285716
17,17,1990.0
17,18,1990.0
17,19,2490.0
17,21,2990.0
17,22,2990.0
17,24,3290.0
17,25,2484.4444444444443
17,26,4490.0
17,27,2456.6666666666665
17,28,2197.5714285714284
17,29,1910.0
17,30,2262.714285714286
17,31,2319.8571428571427
17,34,3740.0
17,35,2665.0
17,37,3590.0
17,38,2357.3333333333335
17,39,1990.0
17,42,2190.0
17,43,1990.0
17,44,3490.0
17,45,1590.0
17,46,2990.0
17,47,2350.0
17,48,3156.6666666666665
17,49,1990.0
17,50,2615.0
17,51,1977.0
17,52,2230.0
17,53,2215.0
17,54,2540.0
17,56,1874.8333333333333
17,57,2334.1428571428573
17,58,2006.6666666666667
17,59,3490.0
18,18,398.0
18,21,28.0
18,30,98.0
18,31,1258.2
18,35,28.0
18,50,398.0
19,0,1293.1313657407406
19,1,1306.8495495495495
19,2,1488.1843477243478
19,3,1444.7249795339735
19,4,1444.1680774559325
19,5,1410.144089333041
19,6,1475.8538674775343
19,7,1490.3474958505383
19,8,1571.1758159722222
19,9,1346.8260715886447
19,10,1253.9226078971533
19,11,1358.309411764706
19,12,1533.236646557319
19,13,1466.2845038167939
19,14,1521.2637927996466
19,15,1515.3919958634385
19,16,1486.4808387029286
19,17,1523.8474965904306
19,18,1504.3588788219326
19,19,1533.7768364733518
19,21,1542.0566930681814
19,22,1541.5721325819961
19,23,1395.5904476861167
19,24,1491.47074869501
19,25,1561.7918920513366
19,26,1518.172689287544
19,27,1550.2905089380454
19,28,1532.9825440880816
19,29,1590.6953730693049
19,30,1572.3581839411313
19,31,1556.6601905958112
19,32,1450.0516002506265
19,33,1537.9444036697248
19,34,1411.076158392435
19,35,1505.7816120409661
19,36,1623.875
19,37,1558.3580103643842
19,38,1470.7515084966199
19,39,1395.553607446095
19,40,1636.7432653061223
19,41,1528.9236537948998
19,42,1552.4780991982113
19,43,1635.4116181776706
19,44,1613.0525782777393
19,45,1503.6775811403445
19,46,1535.293393379282
19,47,1494.2830019272897
19,48,1459.7381717255612
19,49,1394.3032034632033
19,50,1544.8762070373946
19,51,1328.8219578853045
19,52,1475.2335640680935
19,53,1490.2124813930698
19,54,1602.7048300250724
19,56,1538.29118533984
19,57,1546.2532189700744
19,58,1494.7008721747736
19,59,1540.6818850781187
20,2,3207.425017544406
20,3,3096.177987943817
20,4,2952.666624649874
20,5,3096.680486957044
20,6,3248.968032949119
20,7,3165.588651385921
20,9,2410.1670698485505
20,10,2654.4215332512313
20,11,2379.5310185185185
20,12,3060.5191499169514
20,13,2072.125
20,14,3270.6948215701636
20,15,3126.486705081087
20,16,3165.335241786637
20,17,2954.9917550131518
20,18,3221.631750146532
20,19,3121.197048520938
20,21,3274.372518084187
20,22,3248.635752966879
20,24,3200.19773581267
20,25,3185.318791235134
20,26,3160.933960121026
20,27,3046.2604280857436
20,28,3222.202060145774
20,29,2974.033330928359
20,30,2811.025054653629
20,31,3254.1439963907555
20,33,2703.6331301313676
20,34,3098.467380174281
20,35,3133.3953349497215
20,36,3183.25
20,37,3111.0918540611688
20,38,3110.475590610684
20,39,3248.779027477144
20,40,2687.181818181818
20,41,3264.651537779984
20,42,3148.313960257667
20,43,2923.679844255332
20,44,3181.382737127393
20,45,3168.9298250218635
20,46,3109.2332607882704
20,47,3198.563319137384
20,48,3285.6524171306783
20,49,2719.885151515159
20,50,3134.071377123505
20,51,2521.1557619047617
20,52,3226.127741092188
20,53,3126.4318789081303
20,54,3050.1215260511044
20,56,3247.5455312721983
20,57,3095.1044369941724
20,58,3090.7076692708383
20,59,3238.7155501587263
21,0,542.1702127659574
21,1,536.6279069767442
21,2,475.0444444444445
21,3,520.725
21,4,538.6793489583333
21,5,529.3525423728813
21,6,541.7861538461539
21,7,551.3601324696546
21,8,597.7289855072464
21,10,480.2502898550724
21,11,487.25
21,12,617.765
21,13,571.6666666666666
21,14,545.155376344086
21,15,571.0402777777778
21,16,553.5566397849451
21,17,571.9005813953488
21,18,526.1664597970336
21,19,552.2364583333334
21,21,512.56625
21,22,441.3277777777778
21,23,546.8848484848485
21,24,558.2249999999999
21,25,567.7438112745099
21,26,534.8003787878788
21,27,582.0954124579125
21,28,565.2168898809524
21,29,570.7680994152047
21,30,553.6296859903382
21,31,556.879268935045
21,32,488.3757716049383
21,33,494.6666666666667
21,34,457.8888888888889
21,35,522.7352777777777
21,37,521.4462418300653
21,38,533.1739197530865
21,39,471.1885714285714
21,41,513.1113192818111
21,42,525.0113184079602
21,43,586.4685714285714
21,44,517.1486111111111
21,45,476.49754098360654
21,46,538.5100307881773
21,47,547.7724297423888
21,48,465.00714285714287
21,49,524.0530303030303
21,50,575.3275937950938
21,51,517.8665517241379
21,52,497.9835784313725
21,53,531.2342947330447
21,54,557.4241791044785
21,56,542.050134408602
21,57,565.0911737677527
21,58,529.1503571428572
21,59,553.2159523809524
22,0,1308.076923076923
22,1,1355.409090909091
22,2,1229.0375
22,3,1223.569420903955
22,4,1178.6587301587301
22,5,1080.18
22,6,1213.0950980392156
22,7,1196.5579424307036
22,8,1682.25
22,9,1305.2447916666667
22,10,1053.4964285714286
22,11,1124.0
22,12,1293.5294117647059
22,13,1209.6666666666667
22,14,1200.5975
22,15,1242.1272727272726
22,16,1261.5688802083334
22,17,1268.3093537414966
22,18,1278.7451977401129
22,19,1272.5174603174605
22,21,1289.142816091954
22,22,1274.4727192982457
22,23,1571.7619047619048
22,24,1264.7833333333333
22,25,1323.2853801843316
22,26,1247.4814516129034
22,27,1319.7684722222223
22,28,1334.8948611111111
22,29,1339.7298333333333
22,30,1311.5181818181818
22,31,1326.8457997778235
22,32,1369.2269230769232
22,33,1105.7961538461539
22,34,1018.89
22,35,1279.4725806451613
22,36,799.0
22,37,1159.3061224489795
22,38,1268.7598360655738
22,39,1123.21875
22,41,1232.911440677966
22,42,1305.3524731182904
22,43,1344.905056497175
22,44,1139.149019607843
22,45,1262.3660818713452
22,46,1275.2303278688526
22,47,1270.5322751322753
22,48,1133.5573529411763
22,49,1226.5897435897436
22,50,1373.6997685185165
22,51,1087.399433962264
22,52,1267.8331896551724
22,53,1185.0185534591194
22,54,1353.9119166666667
22,56,1266.43125
22,57,1316.4157258064515
22,58,1327.3387005649718
22,59,1189.2936363636363
23,0,1477.712962962963
23,1,1450.3679824561405
23,2,1561.3002289562262
23,3,1583.0920119047619
23,4,1532.2368815402838
23,5,1547.8559636363636
23,6,1606.2077974308265
23,7,1540.2578131353664
23,8,1636.3775502873564
23,9,1415.8294665514957
23,10,1483.4261764705882
23,11,1221.1737037037037
23,12,1818.4569588819538
23,13,1440.9944936708862
23,14,1567.3535162948901
23,15,1547.2968777785575
23,16,1617.3288081824278
23,17,1564.3802777777776
23,18,1594.435719252118
23,19,1581.4459798850576
23,21,1662.5765114205374
23,22,1629.169882352939
23,23,1522.9423376623376
23,24,1630.2143083081264
23,25,1651.9326301444282
23,26,1623.0847963290528
23,27,1554.7524691295755
23,28,1717.1056329339017
23,29,1674.1366270136307
23,30,1726.2812000915758
23,31,1748.7187833969967
23,32,1561.869820402299
23,33,1398.2498192950898
23,34,1350.64498015873
23,35,1675.755904749387
23,36,1512.2666666666667
23,37,1601.7746751576142
23,38,1597.0721334532786
23,39,1367.1012430939227
23,40,1475.8784848484847
23,41,1606.4703542593625
23,42,1656.7547834534855
23,43,1832.6882209973583
23,44,1577.101216730038
23,45,1692.3272399527186
23,46,1704.6740456386751
23,47,1601.2468099053751
23,48,1520.969347985348
23,49,1476.7669642857143
23,50,1634.540098897293
23,51,1366.1247677010879
23,52,1591.0226057246034
23,53,1570.4478094059389
23,54,1743.531664438116
23,56,1651.344900470503
23,57,1641.8946256779666
23,58,1591.4860268605144
23,59,1565.0038893249466
24,2,2766.5367892156864
24,3,3042.4723873873872
24,4,2372.327090909091
24,5,2566.6561538461538
24,6,3115.388284883721
24,7,2601.3650000000116
24,9,2577.75
24,10,3069.7630673758863
24,11,1944.8691111111111
24,12,3103.60861423221
24,14,2721.0012025316455
24,15,2457.508970588235
24,16,2528.5912686567162
24,17,2368.1984375
24,18,2791.5480952380954
24,19,2688.792910447761
24,21,3177.376512605042
24,22,2957.3721144278607
24,24,2888.033941441441
24,25,3092.061395410679
24,26,2836.897031111111
24,27,2472.456727777778
24,28,2862.0128846153843
24,29,2318.1897222222224
24,30,2367.7458333333334
24,31,2792.574950471935
24,33,2258.4174305555553
24,34,2086.8373280423284
24,35,2672.6715404040533
24,36,2684.5714285714284
24,37,2781.3921450617286
24,38,2638.433674242462
24,39,2764.1703985507247
24,40,2130.9545454545455
24,41,2739.488387096774
24,42,2900.9131027507847
24,43,2821.1516059833025
24,44,2767.1264166666665
24,45,2732.444530516432
24,46,2472.5294863013696
24,47,2457.643169014085
24,48,2430.129402777778
24,49,2068.924344262295
24,50,2904.261054852342
24,51,2171.249772727273
24,52,2434.2041944444445
24,53,2312.4275000000002
24,54,2529.6891794871794
24,56,2690.070441176471
24,57,2775.4327604166665
24,58,2367.902380952381
24,59,2676.0352857142857
25,0,582.75
25,1,539.6428571428571
25,2,880.9969879518072
25,3,817.0245901639345
25,4,848.1795192307692
25,5,876.6643617021276
25,6,847.9035087719299
25,7,809.7053571428571
25,8,789.7285714285715
25,9,652.8461538461538
25,10,769.28
25,12,759.1377492877493
25,14,987.453846153846
25,15,792.4892307692309
25,16,789.4893805309734
25,17,756.3033707865169
25,18,810.8223404255319
25,19,838.5454545454545
25,21,853.5454545454545
25,22,868.8637500000001
25,23,767.1818181818181
25,24,864.3214285714286
25,25,838.6631147540983
25,26,838.7132231404959
25,27,844.2716666666668
25,28,842.6343413978495
25,29,763.6551724137931
25,30,780.6326530612245
25,31,837.5484078590786
25,32,669.0
25,33,875.4705882352941
25,34,756.1428571428571
25,35,841.0481249999999
25,36,999.0
25,37,789.30625
25,38,825.9652380952382
25,39,890.5186440677966
25,41,860.2851851851852
25,42,836.4943548387097
25,43,698.9811320754717
25,44,832.1922413793104
25,45,874.2347826086956
25,46,849.218018018018
25,47,827.4964912280702
25,48,954.7538461538461
25,49,889.8536585365854
25,50,885.4305084745763
25,51,614.3555508474576
25,52,831.7037037037037
25,53,852.7
25,54,790.1264265536723
25,56,823.7791304347827
25,57,797.2183035714286
25,58,841.4133928571429
25,59,793.62
26,55,163.33333333333334
27,55,639.0
28,0,532.1276595744681
28,1,503.38775510204084
28,2,636.9764949494731
28,3,636.5116611486789
28,4,644.2591395885536
28,5,650.9789408677944
28,6,641.5848217864223
28,7,662.0536894664044
28,8,648.3765602836879
28,9,724.2313148083979
28,10,529.5130349794239
28,11,532.4672222222222
28,12,697.6055953644759
28,13,546.2121212121212
28,14,645.9865130390715
28,15,644.4166669279738
28,16,641.7771587807108
28,17,595.7583333333333
28,18,662.1731368123264
28,19,670.81869193987
28,21,664.2489879624993
28,22,598.1461076407452
28,23,614.6514019770381
28,24,660.8459978448298
28,25,673.5504485578958
28,26,646.738092890364
28,27,636.5663130370726
28,28,645.9896218649997
28,29,644.9590320769358
28,30,592.3378278268638
28,31,671.6092307149343
28,32,589.7565595077458
28,33,716.248717948718
28,34,667.2691837732151
28,35,662.2063677199803
28,36,1241.857142857143
28,37,647.5006840853927
28,38,645.6293732246112
28,39,613.2364729387133
28,40,926.6190476190476
28,41,663.841133848751
28,42,642.6082824956776
28,43,616.5436908770421
28,44,666.1852385756662
28,45,649.0031064968207
28,46,666.3478987447048
28,47,667.7258477521445
28,48,632.8861857638889
28,49,616.5262847222222
28,50,654.9383644963917
28,51,529.2856828703704
28,52,660.4683896336638
28,53,654.621595833992
28,54,641.5669886680272
28,56,675.057425841705
28,57,693.0152511718464
28,58,678.6081096839405
28,59,656.1858533326314
29,0,1742.857142857143
29,1,1239.0
29,2,2975.2708333333335
29,3,2662.076111111111
29,4,3027.9299107142706
29,5,2818.844827586207
29,6,2746.244126984089
29,7,2543.4216666666666
29,8,2070.3571428571427
29,9,1741.8848469389286
29,10,2189.5641714285716
29,11,1995.76
29,12,2737.8388157894738
29,13,2155.6470588235293
29,14,2774.0981200172505
29,15,2725.18004850088
29,16,2928.211309523854
29,17,2206.99358974359
29,18,2860.5398461134305
29,19,3015.577272727273
29,21,2929.036031746
29,22,2794.903031984835
29,23,1545.75
29,24,2948.5892857143335
29,25,2681.375924432535
29,26,2869.413378684776
29,27,2904.1960317460225
29,28,2948.4934375000003
29,29,2642.6222222222223
29,30,2584.698835220571
29,31,2800.8069871045836
29,32,1702.3994708996297
29,33,1955.857142857143
29,34,3132.266666666667
29,35,2931.4312885551935
29,36,2499.0
29,37,2880.891108050177
29,38,2634.305497198922
29,39,3651.8411764705884
29,40,2249.0
29,41,2810.0784632034506
29,42,2836.753144439628
29,43,2543.2337050579067
29,44,2941.8638541666405
29,45,2967.3197916666404
29,46,3013.7258064516127
29,47,2849.55
29,48,2671.0555555555557
29,49,2747.7492857142856
29,50,2647.5557291666873
29,51,2305.326666666667
29,52,2495.244444444417
29,53,2751.0333333333333
29,54,2410.6043778801845
29,56,3021.3979591835714
29,57,2632.032258064516
29,58,2930.841954022989
29,59,3002.475108225076
30,0,236.58140683659354
30,1,241.82222222222222
30,2,366.31447537628924
30,3,398.38389986171256
30,4,395.33641126228247
30,5,398.34501763426783
30,6,379.0195245819793
30,7,378.3140846845556
30,8,361.26539961013646
30,9,476.6983043894358
30,10,297.3717890893471
30,11,441.01003623188404
30,12,414.70208331346225
30,13,278.06944444444446
30,14,378.93089647699657
30,15,399.6321829780874
30,16,393.4422482644719
30,17,407.91927214980814
30,18,380.1530539845026
30,19,393.290423261337
30,21,384.0147036619848
30,22,346.697519990914
30,23,349.23897007229175
30,24,381.9871390650821
30,25,398.38137616247536
30,26,369.85527858825856
30,27,410.172138633203
30,28,394.2591655513463
30,29,415.87829257268004
30,30,395.0576892392951
30,31,393.8676979483504
30,32,323.1088008371696
30,33,529.3304854368932
30,34,453.2546405823476
30,35,396.0084815364182
30,36,463.1304347826087
30,37,391.4374149108116
30,38,382.05996430167926
30,39,434.9354183837
30,40,596.6715909090908
30,41,399.34376932046035
30,42,398.3970211830701
30,43,397.8449385813385
30,44,396.4844267514318
30,45,391.5771749321488
30,46,396.3281051259244
30,47,408.4002728483411
30,48,422.4047392927401
30,49,416.6020886956189
30,50,398.4125306919947
30,51,294.9852514533086
30,52,387.8223167327722
30,53,386.2172933931387
30,54,397.3397365368628
30,56,404.8616815625749
30,57,396.6130328518405
30,58,404.27979531189266
30,59,386.4400485768033
31,55,428.5613239285043
32,2,1000.0
32,3,900.0
32,4,1000.0
32,5,900.0
32,6,1000.0
32,7,900.0
32,9,875.0
32,14,1000.0
32,15,1000.0
32,16,900.0
32,17,1000.0
32,18,1000.0
32,19,1000.0
32,21,1000.0
32,22,900.0
32,24,1000.0
32,25,1000.0
32,26,1000.0
32,27,1000.0
32,28,1000.0
32,29,1000.0
32,30,1000.0
32,31,1000.0
32,33,750.0
32,34,750.0
32,35,975.0
32,37,750.0
32,38,900.0
32,39,875.0
32,40,875.0
32,41,1000.0
32,42,1000.0
32,43,1000.0
32,44,1000.0
32,45,950.0
32,46,1000.0
32,47,1000.0
32,48,900.0
32,49,900.0
32,50,975.0
32,52,900.0
32,53,1000.0
32,54,1000.0
32,56,1000.0
32,57,1000.0
32,58,1000.0
32,59,750.0
33,0,1100.25
33,1,977.6
33,2,1457.8125
33,3,1538.2857142857142
33,4,1427.3333333333333
33,5,1464.625
33,6,1436.9705882352941
33,7,1442.646875
33,8,1524.0
33,9,1549.0
33,10,1067.558
33,12,1467.6571428571428
33,13,473.0
33,14,1443.1176470588234
33,15,1473.96875
33,16,1477.125
33,17,1476.7777777777778
33,18,1383.8650793650793
33,19,1486.5
33,21,1432.2666666666667
33,22,1425.5333333333333
33,23,1568.1
33,24,1478.1666666666667
33,25,1485.3333333333333
33,26,1473.9375
33,27,1478.1875
33,28,1505.1630952380951
33,29,1477.04375
33,30,1488.9666666666667
33,31,1456.6135416666666
33,32,1449.0
33,33,1388.5
33,34,1265.388888888889
33,35,1415.955392156863
33,37,1532.3333333333333
33,38,1502.2666666666667
33,39,1326.090909090909
33,41,1405.5428571428572
33,42,1415.764705882353
33,43,1509.7035714285714
33,44,1418.9333333333334
33,45,1429.0
33,46,1444.549019607843
33,47,1470.875
33,48,1519.4545454545455
33,49,1291.857142857143
33,50,1403.15625
33,51,1111.0306666666665
33,52,1483.075
33,53,1416.7254901960785
33,54,1481.6924107142856
33,56,1477.109375
33,57,1483.3645833333333
33,58,1295.176923076923
33,59,1441.2122222222222
34,55,1285.6320404505882
35,0,1331.75
35,1,1603.3333333333333
35,2,1744.8333333333335
35,3,1766.682142857143
35,4,1744.0
35,5,1749.8333333333335
35,6,1748.223484848485
35,7,1735.6666666666665
35,8,1415.6666666666667
35,9,1561.4583333333333
35,10,1442.9862500000002
35,11,1554.1413750000002
35,12,1736.5
35,13,925.0
35,14,1736.8125
35,15,1737.6238782051282
35,16,1749.892857142857
35,17,1599.0
35,18,1738.38125
35,19,1742.75
35,21,1732.6309523809523
35,22,1750.3392857142858
35,23,1561.4375
35,24,1731.904761904762
35,25,1754.049019607843
35,26,1754.8333333333333
35,27,1739.1136363636365
35,28,1730.6609188034245
35,29,1717.3333333333335
35,30,1599.0
35,31,1731.7924430641822
35,32,1558.3125
35,33,1742.75
35,34,1813.5833333333333
35,35,1751.5
35,36,1149.0
35,37,1705.25
35,38,1761.5
35,39,1774.0
35,40,1824.0
35,41,1736.5
35,42,1756.4404761904761
35,43,1599.0
35,44,1749.0
35,45,1744.0
35,46,1737.2160714285715
35,47,1753.1666666666667
35,48,1760.4583333333335
35,49,1744.8333333333335
35,50,1736.8703703702777
35,51,1406.9041666666667
35,52,1742.75
35,53,1755.25
35,54,1599.0
35,56,1751.0833333333335
35,57,1749.6410256410256
35,58,1749.378787878788
35,59,1734.0555555555557
36,55,1250.0
37,0,317.1727828746177
37,1,322.0548780487805
37,2,445.69180640763466
37,3,456.740078320802
37,4,431.7153404761905
37,5,414.56949804432855
37,6,407.274903389333
37,7,411.68263118994827
37,8,469.0813953488372
37,9,1111.5
37,10,282.23335784313724
37,11,274.8221052631579
37,12,354.3083102386451
37,13,297.37522373540855
37,14,369.0006226903178
37,15,408.5169083512804
37,16,412.69738326149456
37,17,395.36593903995936
37,18,404.56386141636136
37,19,419.9570702130703
37,21,392.14383394634194
37,22,405.0970210161349
37,23,479.1031756756757
37,24,445.21274498675746
37,25,395.2783191401368
37,26,429.4794230417695
37,27,413.3091164437683
37,28,417.8903348245747
37,29,417.57098312972664
37,30,398.4571899855387
37,31,389.08943010293757
37,32,462.1222746331242
37,33,451.4197297297297
37,34,378.2779700854701
37,35,413.36428291774615
37,36,405.6
37,37,399.6166272727272
37,38,419.7467947076396
37,39,375.987459770115
37,40,583.375
37,41,393.8372071651091
37,42,394.764436422132
37,43,426.00138082105326
37,44,469.5474484301801
37,45,419.9447892938498
37,46,402.811156925355
37,47,439.01938045375215
37,48,365.4115519568151
37,49,448.0341449275362
37,50,426.32790839476024
37,51,278.015108401084
37,52,387.48786785009867
37,53,371.93303740238395
37,54,404.241831704817
37,56,389.5416651869786
37,57,385.8224421161537
37,58,396.70492341269846
37,59,367.1683542319747
38,0,701.179104477612
38,1,704.5952380952381
38,2,755.8325471698113
38,3,804.4184848484848
38,4,783.0298979591836
38,5,743.2840268456376
38,6,758.9572687029655
38,7,829.2209785932714
38,8,796.7727272727273
38,9,1084.7142857142858
38,10,590.6814215686275
38,11,691.585
38,12,669.9404761904847
38,13,617.3652
38,14,711.3465984405458
38,15,852.6184444444517
38,16,848.3515023474179
38,17,807.7571917808231
38,18,781.7671770334927
38,19,794.8388492063364
38,21,801.2817296918768
38,22,728.2160999441617
38,23,993.8665325285044
38,24,852.4295067264574
38,25,742.8869953672134
38,26,820.5480062305296
38,27,745.4417455450723
38,28,765.1194466911764
38,29,872.0772434875123
38,30,790.9441134751773
38,31,723.9929088754575
38,32,850.1274509803922
38,33,749.2549
38,34,553.3328703703704
38,35,798.0657725321889
38,36,265.6666666666667
38,37,827.6509297052152
38,38,865.1886335403726
38,39,595.5958402203856
38,40,1005.25
38,41,777.1841613216716
38,42,695.1112027716277
38,43,874.9726388888889
38,44,915.615009009009
38,45,827.2031395348837
38,46,824.5154495158922
38,47,849.6519128787878
38,48,673.8211458333334
38,49,758.977469879518
38,50,833.9102485380117
38,51,563.9155092592592
38,52,749.7689655172414
38,53,752.5744705882353
38,54,805.083212371262
38,56,775.4032826362484
38,57,715.9587919191918
38,58,761.8571474358976
38,59,741.3289037433155
39,2,999.0
39,5,649.0
39,6,484.7142857142857
39,7,298.94
39,12,484.7142857142857
39,14,649.0
39,15,284.7142857142857
39,16,299.0
39,17,279.0
39,18,284.7142857142857
39,19,399.0
39,21,415.6666666666667
39,22,282.3333333333333
39,24,299.0
39,25,584.7142857142857
39,26,999.0
39,27,584.7142857142857
39,28,584.7142857142857
39,29,299.0
39,30,279.0
39,31,484.7142857142857
39,35,299.0
39,37,299.0
39,38,299.0
39,39,299.0
39,41,284.7142857142857
39,42,284.7142857142857
39,43,284.7142857142857
39,44,299.0
39,46,299.0
39,47,299.0
39,48,299.0
39,49,199.0
39,50,274.0
39,51,95.0
39,52,299.0
39,53,299.0
39,54,584.7142857142857
39,56,299.0
39,57,284.7142857142857
39,58,299.0
39,59,299.0
40,0,136.83376623376623
40,1,126.3509108341323
40,2,245.28075940124134
40,3,269.4626511299434
40,4,234.05623517606276
40,5,249.2682171821062
40,6,242.84481866691095
40,7,240.0014548151529
40,8,236.40812379110253
40,9,193.33333333333334
40,10,154.18596437080356
40,11,138.4788088235294
40,12,240.3360818426856
40,13,149.83270520344288
40,14,255.32350388582736
40,15,256.6714968977523
40,16,230.51376289653055
40,17,251.63594491927827
40,18,246.76887807377057
40,19,247.92210541607582
40,21,235.6945980392157
40,22,254.32745552392814
40,23,217.49716817697228
40,24,252.75257372889774
40,25,223.51072156398465
40,26,248.029741909775
40,27,242.75749324877503
40,28,241.77017224584895
40,29,242.67568043414468
40,30,221.74483959235693
40,31,219.86529054012223
40,32,220.14720983249083
40,33,236.50474999999997
40,34,274.671568627451
40,35,244.69316816615336
40,36,277.8
40,37,238.474172567734
40,38,264.46329060033105
40,39,229.23741875580316
40,40,381.6530612244898
40,41,239.93603537812402
40,42,240.53828955817545
40,43,262.25768504811253
40,44,242.8025803380575
40,45,256.05315389032444
40,46,242.62851995762298
40,47,249.59798424939802
40,48,240.97016414141413
40,49,270.8906696651674
40,50,247.9960067582413
40,51,146.35901587301586
40,52,231.7188830114405
40,53,246.65834823776962
40,54,214.15126090812456
40,56,220.71868605836428
40,57,228.02418905403965
40,58,240.58088952986012
40,59,253.86534809681865
41,0,604.1022727272727
41,1,491.0892857142857
41,2,1321.3225396825399
41,3,992.8097802197802
41,4,958.8098507462687
41,5,922.6510067114094
41,6,967.0686540330418
41,7,1031.591061452514
41,8,1251.5595238095239
41,9,2741.844196428571
41,10,731.6123728813559
41,11,135.23
41,12,1238.6118888888889
41,13,650.5727702702703
41,14,1079.3400708382526
41,15,1075.7498113207546
41,16,965.6502127659573
41,17,1186.036026936027
41,18,1115.3785765765765
41,19,960.9477790519878
41,21,1038.4527491408935
41,22,1070.1925694444444
41,23,1094.36
41,24,1072.1435333333334
41,25,904.8286520084225
41,26,1039.8591219512195
41,27,1069.9617868373764
41,28,1016.3501179220779
41,29,1006.9249147727273
41,30,918.9073432343234
41,31,896.0275396825397
41,32,991.2898550724638
41,33,683.6455555555556
41,34,1417.6266666666668
41,35,1153.833460837887
41,36,1999.0
41,37,1010.9145833333334
41,38,1196.4197759103643
41,39,1067.9448484848485
41,40,1499.0
41,41,949.403106060606
41,42,952.9391421012849
41,43,1235.4039460784315
41,44,922.888097826087
41,45,1112.8288079470199
41,46,1033.346160130719
41,47,1147.1890277777777
41,48,1168.3611320754717
41,49,1117.1375
41,50,1062.0821989528797
41,51,625.8585167464115
41,52,962.3608982035928
41,53,1064.6957142857143
41,54,927.7844591049363
41,56,822.597868852459
41,57,913.9460616844602
41,58,894.6408455284552
41,59,1069.3717735042735
42,2,1165.125
42,3,1212.0
42,4,1034.375
42,5,1175.125
42,6,1183.068783068783
42,7,1184.4224444444444
42,9,1146.5689213564285
42,10,818.92
42,12,1184.126984126984
42,14,1181.3425925925926
42,15,1189.2592592592594
42,16,1181.111111111111
42,18,1177.7777777777778
42,19,1178.875
42,20,1178.2425000000937
42,21,1185.6196931217858
42,22,1149.5370370370372
42,24,1147.5
42,25,1183.667213804788
42,26,1179.05835978836
42,27,1279.8
42,28,1169.479375
42,29,1250.0
42,31,1179.7916666666667
42,34,1239.6
42,35,1176.6203703703704
42,36,1028.0
42,37,1177.750277777778
42,38,1174.5
42,39,1102.654761904762
42,41,1175.62625
42,42,1180.0925925925926
42,44,1142.5
42,45,1176.8518518522224
42,46,1174.3431481481482
42,47,1171.0
42,48,1180.2777777777778
42,49,1177.7777777777778
42,50,1167.0
42,51,852.316
42,52,1190.75
42,53,1179.0740740744445
42,56,1124.3333333333333
42,57,1166.7142857142858
42,58,1156.5625
42,59,1150.857142857143
43,0,170.41666666666669
43,2,331.60869565217394
43,3,288.92857142857144
43,4,330.02
43,5,338.42105263157896
43,6,303.6711462450593
43,7,313.3333333333333
43,8,321.8695652173913
43,10,186.59782608695653
43,12,312.736
43,13,183.08670520231215
43,14,345.42857142857144
43,15,363.2857142857143
43,16,307.8160377358491
43,17,299.0
43,18,300.72
43,19,336.5625
43,21,312.6515151515151
43,22,308.2998931623932
43,23,305.53435114503816
43,24,302.41552511415523
43,25,312.9306930693069
43,26,298.22486486486486
43,27,312.3673139158576
43,28,315.8776119402985
43,29,307.5726495726496
43,30,317.22457627118644
43,31,296.8143378995434
43,32,292.6025641025641
43,34,249.0
43,35,337.98174846625767
43,37,301.84274193548384
43,38,298.7402597402597
43,39,332.3333333333333
43,41,334.05405405405406
43,42,313.46058091286307
43,43,384.7142857142857
43,44,301.70135746606337
43,45,306.14285714285717
43,46,334.42857142857144
43,47,274.0
43,49,249.0
43,50,349.0
43,51,179.77777777777777
43,52,297.27659574468083
43,53,215.66666666666666
43,54,309.93995037220844
43,56,310.6832740213523
43,57,302.47008547008545
43,59,311.5833333333333
44,55,144.2420382165605
45,0,112.875
45,2,274.0
45,3,249.0
45,4,263.85714285714283
45,5,279.0
45,6,258.20909090909095
45,7,261.5
45,8,280.0769230769231
45,10,106.22222222222223
45,12,256.2352941176471
45,13,109.37037037037037
45,14,299.0
45,15,249.0
45,16,254.94285714285715
45,17,315.6666666666667
45,18,258.40909090909093
45,19,249.5
45,21,261.4923076923077
45,22,260.0760563380282
45,23,256.68518518518516
45,24,258.3703703703704
45,25,256.31325301204816
45,26,256.1166666666667
45,27,259.70588235294116
45,28,258.48
45,29,261.04285714285714
45,30,260.8139534883721
45,31,257.32
45,32,268.3809523809524
45,35,263.6169642857143
45,37,255.12
45,38,257.9117647058824
45,41,261.5
45,42,259.965
45,43,249.0
45,44,256.0204545454545
45,45,232.66666666666666
45,46,264.53846153846155
45,47,249.0
45,49,249.0
45,51,115.53488372093024
45,52,260.94117647058823
45,53,250.0
45,54,261.0820895522388
45,56,261.625
45,57,263.8048780487805
45,59,250.0
46,5,183.0
46,12,297.0
46,13,212.0
46,16,349.0
46,25,299.0
46,35,249.0
46,38,349.0
46,42,349.0
46,43,399.0
46,56,229.0
47,2,569.6111111111111
47,3,379.0
47,4,469.5882352941176
47,5,527.1063829787234
47,6,577.5659722222222
47,7,622.5555555555555
47,9,533.670723905711
47,10,478.44666666666666
47,12,517.2173913043479
47,14,466.48837209302326
47,15,495.3333333333333
47,16,634.25
47,18,552.1428571428571
47,19,527.7441860465116
47,20,607.4178187289061
47,21,536.3219379844961
47,22,468.85925925925926
47,24,445.62068965517244
47,25,549.0203313277974
47,26,494.43589743589746
47,27,466.27272727272725
47,28,523.3261044176706
47,31,550.3568396226415
47,34,536.1428571428571
47,35,543.6456944444444
47,36,494.1166666666667
47,37,460.77777777777777
47,38,549.074074074074
47,39,539.8161971830986
47,41,480.8333333333333
47,42,563.0582524271845
47,44,531.35953125
47,45,529.6808510638298
47,46,501.76481481481477
47,47,548.0642394822007
47,48,574.2941176470588
47,49,527.9142857142857
47,50,499.41379310344826
47,51,376.51
47,52,489.0833333333333
47,53,495.94117647058823
47,56,547.9824561403509
47,57,576.84
47,58,633.258064516129
47,59,454.6111111111111
48,12,349.0
48,14,249.0
48,35,249.0
48,37,349.0
48,44,229.0
48,47,229.0
49,0,192.6
49,1,267.8
49,2,468.3378378378378
49,3,452.72093023255815
49,4,369.94117647058823
49,5,386.14285714285717
49,6,456.50602409638554
49,7,422.7931034482759
49,8,370.6
49,10,249.0758536585366
49,11,567.0
49,12,458.5328947368421
49,13,158.0
49,14,473.109375
49,15,311.07142857142856
49,16,448.3272727272727
49,17,458.625
49,18,470.22033898305085
49,19,425.3255813953488
49,21,458.4810126582278
49,22,445.5574231442315
49,23,533.6
49,24,473.5217391304348
49,25,457.86507936507934
49,26,457.3392857142857
49,27,455.0515463917526
49,28,482.1014492753623
49,29,463.7971014492754
49,30,423.9746835443038
49,31,459.10280373831773
49,32,403.6470588235294
49,33,390.42857142857144
49,34,385.32142857142856
49,35,419.6029661016949
49,36,249.0
49,37,461.60526315789474
49,38,418.2741935483871
49,39,388.6363636363636
49,41,459.1333333333333
49,42,452.265625
49,43,449.97169811320754
49,44,427.0975609756098
49,45,527.6896551724138
49,46,386.9183673469388
49,47,486.3673469387755
49,48,425.0
49,49,336.8888888888889
49,50,423.0
49,51,261.255
49,52,379.2
49,53,473.42
49,54,466.6216216216216
49,56,417.13461538461536
49,57,380.3703703703704
49,58,325.85
49,59,393.6875
50,10,20.5
51,38,129.0
52,4,100.0
53,6,299.0
53,42,349.0
53,46,199.0
54,55,135.11363636363637
55,0,162.00174825174824
55,1,154.1306068601583
55,2,288.3515625
55,3,296.11786600496276
55,4,282.43100165562913
55,5,288.2966820276498
55,6,288.9935282298573
55,7,286.52350980392157
55,8,277.3109756097561
55,10,192.33695806218367
55,11,249.71433333333334
55,12,307.3697009102731
55,13,176.9456147384498
55,14,290.14980815347724
55,15,289.6903777226358
55,16,282.57426856714176
55,17,292.63848039215685
55,18,291.6096866096866
55,19,285.59334677419355
55,21,288.1293650793651
55,22,300.7813189143342
55,23,272.2320501730104
55,24,294.9285839160839
55,25,277.66494664993263
55,26,290.8714420995671
55,27,288.4949315068493
55,28,286.75268295075534
55,29,284.8192898781134
55,30,276.49081779053085
55,31,278.7202848125047
55,32,273.0467672413793
55,33,282.44559585492226
55,34,348.58490566037733
55,35,288.7852368270332
55,36,308.1666666666667
55,37,283.1415758401453
55,38,284.7726953467954
55,39,288.4870550161812
55,41,293.6635021097046
55,42,286.90901991614254
55,43,294.5345629965948
55,44,284.2334653465347
55,45,295.63491620111733
55,46,289.284559333796
55,47,288.5187951807229
55,48,303.8783721993599
55,49,298.22274881516586
55,50,287.1886180053417
55,51,177.48548387096776
55,52,290.44875767727524
55,53,292.8225959679647
55,54,272.2234174471037
55,56,288.52284644194754
55,57,281.0571796395326
55,58,281.35801150369764
55,59,285.402331838565
56,0,648.3333333333334
56,1,334.0
56,2,1386.5
56,3,1426.2727272727273
56,4,1183.111111111111
56,5,1116.125
56,6,930.5875200822541
56,7,1265.0714285714287
56,8,829.0
56,10,821.155
56,11,982.5
56,12,1136.9056722689074
56,13,719.25
56,14,894.7490929705216
56,15,1216.8484848484848
56,16,971.8372093023256
56,17,1053.1568627450981
56,18,1001.6489361702128
56,19,931.9234693877551
56,21,1131.5462962962963
56,22,1119.5828373015875
56,23,1161.5
56,24,1149.0
56,25,846.5805224523759
56,26,1447.1521739130435
56,27,921.4025632262475
56,28,965.5143382352942
56,29,1045.969696969697
56,30,989.0793650792261
56,31,998.0029037800573
56,32,999.05
56,33,1401.5
56,34,1702.3333333333333
56,35,1147.3955
56,37,953.5835351089588
56,38,1096.2222222222222
56,39,1484.7142857142858
56,41,1439.0
56,42,990.9555555555555
56,43,996.6848303870044
56,44,1138.4905797101449
56,45,1183.2504166666668
56,46,1223.9642857142858
56,47,1186.6376811594203
56,48,1597.822222222222
56,49,1408.25
56,50,1012.0253012048194
56,51,842.4285714285714
56,52,1065.2555555555555
56,53,1275.7916666666667
56,54,827.9232365673543
56,56,1057.1162790697674
56,57,981.7478991596639
56,58,1353.9333333333334
56,59,1134.2121212121212
57,0,152.09722222222223
57,2,283.04545454545456
57,3,274.0
57,4,282.43589743589746
57,5,279.5
57,6,292.66279069767444
57,7,276.6666666666667
57,8,286.67692307692306
57,10,113.55333333333334
57,12,288.06060606060606
57,13,154.8235294117647
57,14,301.0
57,15,218.7
57,16,281.73571428571427
57,17,299.0
57,18,292.68208955223884
57,19,271.45
57,21,291.698406374502
57,22,277.1194915254237
57,23,291.62631578947367
57,24,289.2751937984496
57,25,279.59086757990866
57,26,298.7405594405594
57,27,287.92198581560285
57,28,287.72529644268775
57,29,279.32
57,30,289.52509960159364
57,31,285.5694050991501
57,32,899.0
57,35,284.75
57,37,295.2901554404145
57,38,279.8181818181818
57,39,549.0
57,41,246.64285714285714
57,42,295.40860215053766
57,43,333.9
57,44,256.44444444444446
57,45,248.8
57,46,255.85
57,47,265.6666666666667
57,48,274.0
57,50,299.0
57,51,153.96245161290324
57,52,286.29411764705884
57,53,353.45454545454544
57,54,270.2570621468927
57,56,287.35692771084337
57,57,287.9175078864354
57,58,263.8
57,59,283.8333333333333
58,1,983.0
58,2,1464.0
58,3,1180.25
58,4,1465.6041666666667
58,5,2003.4545454545455
58,6,1674.1896869244936
58,7,1957.1999999999998
58,8,1425.3157894736842
58,10,1419.195652173913
58,11,1010.0
58,12,2016.951923076923
58,13,1082.2
58,14,1225.8727272727272
58,15,2042.178260869565
58,16,1611.375
58,17,1649.0469208211143
58,18,1666.8636363636363
58,19,1608.2702702702702
58,21,2412.3513513513512
58,22,1664.4983695652174
58,23,1590.8333333333333
58,24,2034.2941176470588
58,25,1738.8849990694212
58,26,1825.105882352941
58,27,1613.4639175257732
58,28,1726.7931085043988
58,29,1720.4285714285713
58,30,1557.726441631505
58,31,1887.7146678424515
58,32,899.0
58,33,2999.0
58,34,1708.3333333333333
58,35,1611.45
58,36,2149.0
58,37,1757.2444444444443
58,38,1743.4117647058824
58,39,1767.7916666666667
58,41,1148.8333333333333
58,42,2004.6845637583892
58,43,2163.285714285714
58,44,2039.4285714285713
58,45,1952.4736842105262
58,46,1736.790909090909
58,47,1542.5384615384614
58,48,1693.4444444444443
58,49,1932.3333333333333
58,50,1550.6525423728813
58,51,2000.0
58,52,1452.0151515151515
58,53,2160.75
58,54,1654.2692253020612
58,56,1539.4625925925927
58,57,1604.1394422310757
58,58,1265.6666666666667
58,59,2285.866666666667
59,0,300.72463768115944
59,2,369.0
59,3,234.0
59,4,420.04918032786884
59,5,734.6428571428571
59,6,442.0769230769231
59,7,663.9444444444445
59,8,392.8095238095238
59,10,365.7
59,12,521.6944444444445
59,13,377.8904109589041
59,14,403.40909090909093
59,15,329.3448275862069
59,16,435.3125
59,17,1149.0
59,18,489.2888888888889
59,19,351.0869565217391
59,21,513.9381443298969
59,22,362.85
59,23,399.0
59,24,496.94017094017096
59,25,414.66242937853104
59,26,429.8421052631579
59,27,448.44444444444446
59,28,472.562874251497
59,29,550.7272727272727
59,30,414.13675213675214
59,31,415.3186046511628
59,32,58.0
59,35,591.8571428571429
59,37,429.4851239669421
59,38,365.6666666666667
59,41,675.9333333333333
59,42,450.3206106870229
59,43,665.8888888888889
59,44,448.8796296296296
59,45,198.5
59,46,430.72727272727275
59,47,465.6666666666667
59,50,599.8947368421053
59,51,663.0
59,52,406.42105263157896
59,53,755.3333333333334
59,54,409.92825112107624
59,56,446.05825242718447
59,57,431.7826086956522
59,58,598.8
59,59,490.8125
60,0,2364.3
60,3,2219.0
60,4,3057.1666666666665
60,5,2899.0
60,6,4044.793103448276
60,7,3061.4166666666665
60,8,2799.0
60,10,3102.6666666666665
60,12,3733.2517857142857
60,14,3693.222222222222
60,15,5649.0
60,16,3927.5714285714284
60,17,2630.125
60,18,3610.0
60,19,3306.6153846153848
60,21,4088.95
60,22,3756.5384615384614
60,23,3399.0
60,24,5036.5
60,25,3967.156201550388
60,26,3510.714285714286
60,27,3526.5238095238096
60,28,2476.777777777778
60,29,2477.5714285714284
60,30,2484.6428571428573
60,31,4062.4384615384615
60,32,2299.0
60,35,4065.6666666666665
60,37,2948.8823529411766
60,38,4090.6666666666665
60,39,4936.5
60,41,1865.6666666666667
60,42,3511.4583333333335
60,43,4060.1111111111113
60,44,2931.5166666666664
60,45,2324.0
60,46,2187.777777777778
60,47,2532.3333333333335
60,48,3861.5
60,49,3227.4285714285716
60,50,4517.75
60,52,3045.153846153846
60,53,3427.5714285714284
60,54,3571.2
60,56,3299.0
60,57,3220.6521739130435
60,58,10999.0
60,59,3998.8
61,2,1509.7837837837837
61,3,1960.2222222222222
61,4,1698.979375
61,5,1630.4740740740742
61,6,1510.0095505617978
61,7,1784.6666666666667
61,9,1404.3562457747732
61,10,939.0204761904762
61,11,717.6666666666666
61,12,1532.3414338919924
61,14,1826.5740740740741
61,15,2100.5
61,16,1531.8428571428572
61,17,1266.6190476190477
61,18,1746.3255813953488
61,19,1503.3022916666666
61,20,1690.7681808695006
61,21,1507.528651685393
61,22,1656.837837837838
61,23,649.0
61,24,1807.8235294117646
61,25,1584.0466129032259
61,26,1497.295744680851
61,27,1437.2495687645687
61,28,1375.2100840336134
61,29,1717.512962962963
61,30,1352.75
61,31,1460.8327440476191
61,32,782.3333333333334
61,33,1066.857142857143
61,34,1212.157894736842
61,35,1483.7670852359208
61,36,1743.4444444444443
61,37,1799.0
61,38,1449.5777777777778
61,39,1694.6304347826087
61,40,1052.8461538461538
61,41,1805.6926923076924
61,42,1575.2571717171716
61,43,1349.5
61,44,1582.2962962962963
61,45,1530.8918918918919
61,46,1804.9924999999998
61,47,1657.0303571428572
61,48,1840.7142857142858
61,49,1880.875
61,50,1663.45
61,51,881.2530555555555
61,52,1799.0
61,53,1791.814285714286
61,54,1388.8539382239383
61,56,1693.7931034482758
61,57,1496.6592045454547
61,58,1587.2978723404256
61,59,1553.214642857143
62,0,551.9016393442623
62,1,665.9772727272727
62,2,1236.4285714285713
62,3,929.258064516129
62,4,1100.9638554216867
62,5,1019.5414414414414
62,6,1588.4975862068966
62,7,948.8851239669422
62,8,933.7826086956521
62,9,1448.3779411764706
62,10,678.2438461538461
62,12,1765.1200000000001
62,13,737.7935606060605
62,14,973.9243150684932
62,15,1034.126119402985
62,16,1317.820353982301
62,17,1123.6035714285715
62,18,1131.6483516483515
62,19,1305.7576086956522
62,20,1349.0
62,21,1246.2245908699397
62,22,1253.8906565656591
62,23,1037.388888888889
62,24,1028.076282051282
62,25,1621.01398708636
62,26,1171.0097859327218
62,27,1588.3874716553291
62,28,1456.8672222222228
62,29,1238.393023255814
62,30,1102.6997101449276
62,31,1566.2930100553042
62,32,767.6078431372549
62,33,1328.2307692307693
62,34,3745.3333333333335
62,35,1377.1375
62,37,1172.1825396825398
62,38,893.7307692307693
62,39,1559.219512195122
62,40,1255.3157894736842
62,41,976.3714285714286
62,42,1746.7193004115227
62,43,1193.2131782945737
62,44,1724.4603658536585
62,45,1229.2948717948718
62,46,1208.3130494505494
62,47,1387.6287179487178
62,48,1267.2142857142858
62,49,1506.2121212121212
62,50,1381.0447089947088
62,51,649.8
62,52,1066.502688172043
62,53,1019.4525
62,54,1610.968892251816
62,56,1048.7995518207283
62,57,1622.3289583333333
62,58,1308.3931683168316
62,59,1221.2735
63,0,310.42105263157896
63,1,275.7142857142857
63,2,794.9929193899783
63,3,819.434453125
63,4,709.9102272727273
63,5,806.2466274509804
63,6,756.178183118741
63,7,769.675592417061
63,8,728.5454545454545
63,9,1092.09528086995
63,10,454.74936386768445
63,11,609.2623529411765
63,12,819.6346726937887
63,13,386.15790123456793
63,14,752.674861878453
63,15,918.7225
63,16,768.9716417910447
63,17,657.9112127371274
63,18,782.1628415300546
63,19,740.6338624338624
63,20,1121.488037453165
63,21,794.5028023088023
63,22,777.8413806706118
63,23,914.0
63,24,748.3693487858719
63,25,753.7047840719222
63,26,746.2927722772278
63,27,793.4520132743363
63,28,812.484929917149
63,29,691.3899572649573
63,30,706.2554945054945
63,31,765.1149332745857
63,32,540.324074074074
63,33,915.5454545454545
63,34,863.6222156862746
63,35,770.108829588015
63,36,1066.5
63,37,735.528515625
63,38,764.197564102564
63,39,948.797679738562
63,40,891.1052631578947
63,41,708.118046875
63,42,768.2432323232324
63,43,713.2144444444444
63,44,746.646214953271
63,45,761.34375
63,46,789.5414729860645
63,47,832.223891509434
63,48,880.6497244094488
63,49,921.062923076923
63,50,778.0703264604812
63,51,456.4630283224401
63,52,750.8026991614256
63,53,823.5879754601227
63,54,761.0836450131233
63,56,744.2235746606335
63,57,747.659470046083
63,58,762.9750612745098
63,59,761.8010050251256
64,0,561.2222222222222
64,1,689.7307692307693
64,2,1081.4178082191781
64,3,1119.0142
64,4,1066.410469924812
64,5,1120.1745512820512
64,6,1257.7404444444444
64,7,1209.2712735849057
64,8,898.7272727272727
64,9,973.4444444444445
64,10,688.2039142857143
64,11,866.875
64,12,1292.4969576719577
64,13,775.8486956521739
64,14,1039.2314705882352
64,15,1179.6521739130435
64,16,1183.5528070175437
64,17,1092.5392156862745
64,18,1233.551282051282
64,19,1080.2131759483455
64,20,599.0
64,21,1169.9207142857144
64,22,1154.6074324324325
64,24,1068.1154716981132
64,25,1485.6010459077195
64,26,1140.7321806853583
64,27,1209.1706974358976
64,28,1215.5957852077001
64,29,1107.4137931034484
64,30,1072.3510416666666
64,31,1291.909804367607
64,32,1399.0
64,33,1190.5526315789473
64,34,1095.9736842105262
64,35,1109.8831229773464
64,36,1399.0
64,37,1056.8857142857144
64,38,1153.585046728972
64,39,1343.795261904762
64,40,1136.188679245283
64,41,1158.3976525821597
64,42,1225.9327067669171
64,43,1021.0631578947368
64,44,1145.5832
64,45,1162.631487603306
64,46,1137.8461344537816
64,47,1257.5017094017096
64,48,1231.5428632478634
64,49,1175.1194318181817
64,50,1114.4839743589744
64,51,683.7152173913043
64,52,1231.1722950819671
64,53,1165.5356779661017
64,54,1196.233586469534
64,56,1137.99505
64,57,1344.8266395663957
64,58,1334.684306010929
64,59,1195.0188235294117
65,0,159.25
65,1,164.42857142857142
65,2,444.9119496855346
65,3,378.2
65,4,415.3853174603174
65,5,439.6853658536585
65,6,443.4331229651904
65,7,381.2578947368421
65,8,290.9047619047619
65,9,398.6147435897436
65,10,240.12088028169015
65,11,220.2671428571429
65,12,455.2596899224826
65,13,208.13772727272726
65,14,397.76647727272723
65,15,404.5979375
65,16,449.33150183150184
65,17,368.28214285714284
65,18,419.0752688172043
65,19,453.5429203539823
65,20,599.0
65,21,444.65650442477875
65,22,473.93199999999996
65,23,249.0
65,24,417.93617021276594
65,25,485.18183748060625
65,26,433.92035398230087
65,27,440.64972167433706
65,28,458.3971626984127
65,29,351.3729411764706
65,30,371.03716386554623
65,31,458.14633420822395
65,32,314.0
65,33,408.24444444444447
65,34,449.0989492753696
65,35,437.64551724137937
65,36,420.42857142857144
65,37,401.8917748917749
65,38,440.83462783171524
65,39,512.1976543209877
65,40,430.27777777777777
65,41,392.4561403508772
65,42,539.9170177626606
65,43,422.5617283950617
65,44,410.3368055555556
65,45,444.85935779816515
65,46,417.99049316696374
65,47,457.7980769230769
65,48,541.3719512195122
65,49,432.68686868686865
65,50,428.5833333333333
65,51,237.07062499999998
65,52,464.44866754041067
65,53,428.8305357142857
65,54,419.79665857605175
65,56,433.11392405063293
65,57,473.4957207207207
65,58,409.8578947368421
65,59,422.1400966183575
66,6,57.23170731707317
66,7,28.0
66,10,66.5
66,12,27.75
66,14,75.46511627906976
66,16,74.50343642611683
66,18,68.0
66,19,107.14285714285714
66,21,74.3157894736842
66,22,64.54545454545455
66,25,64.39533333333334
66,26,93.33333333333333
66,27,65.82926829268293
66,28,69.2784090909091
66,31,79.86363636363636
66,32,91.85714285714286
66,37,52.0
66,38,27.3
66,53,15.0
66,54,54.19291666666666
66,56,50.0
66,57,30.0
66,59,38.0
67,0,321.7638888888889
67,1,346.45652173913044
67,2,691.8854098360656
67,3,752.6285714285714
67,4,600.2297734627831
67,5,684.1398924731183
67,6,640.1774041005292
67,7,604.9511444444444
67,8,513.3148936170213
67,9,1506.857142857143
67,10,394.2776851851852
67,11,469.4425
67,12,721.5902195608783
67,13,329.1775956284153
67,14,643.3070422535212
67,15,710.5812893081761
67,16,612.8333333333333
67,17,649.5681818181819
67,18,623.9920634920635
67,19,564.4385826771653
67,20,1199.0
67,21,692.89829143898
67,22,609.5165815200253
67,23,170.0
67,24,821.0379245283019
67,25,747.2142814239168
67,26,681.3486338797815
67,27,734.3979658792651
67,28,662.0178002450981
67,29,635.3164634146341
67,30,600.6026490066225
67,31,736.545559712774
67,32,556.8470588235294
67,33,1077.888888888889
67,34,977.4615384615385
67,35,742.3561827956989
67,36,699.0
67,37,676.9777777777778
67,38,591.9640555555555
67,39,700.3860869565217
67,40,713.5414634146341
67,41,560.465
67,42,770.1340197956577
67,43,711.9987654320988
67,44,710.0756302521008
67,45,612.4010807291667
67,46,593.3285714285714
67,47,621.5497041420118
67,48,752.1284153005465
67,49,786.5084166666667
67,50,619.4967647058824
67,51,382.36671428571424
67,52,615.3053816793894
67,53,628.1647887323943
67,54,712.6549890350877
67,56,649.1214077669904
67,57,656.3752254428341
67,58,647.281
67,59,650.25
68,12,1075.0
68,25,2856.8
68,31,2653.6363636363635
69,0,431.0
69,1,427.90909090909093
69,2,1045.023423005566
69,3,875.1385964912281
69,4,945.8333333333334
69,5,825.6641913319239
69,6,900.3442183908046
69,7,860.1438006438007
69,8,736.5
69,9,1033.0274460174312
69,10,428.2585024154589
69,11,654.8003125
69,12,1616.8191164767295
69,13,349.521935483871
69,14,946.2986111111111
69,15,829.5266666666666
69,16,913.4544352159469
69,17,799.0
69,18,905.0337078651686
69,19,820.4518166666667
69,20,992.6036351224083
69,21,896.9850746268656
69,22,810.9856132075472
69,23,699.0
69,24,870.0834649122808
69,25,1333.8058524309024
69,26,930.9042759961128
69,27,883.7610838445808
69,28,846.9639517345399
69,29,998.2970137207425
69,30,743.8020421607374
69,31,1150.0004693577837
69,32,766.8571428571429
69,33,1135.9444444444443
69,34,1226.6470588235295
69,35,835.5491013071895
69,36,601.5
69,37,871.1418439716311
69,38,830.137641723356
69,39,950.8480107526882
69,40,869.0833333333334
69,41,986.0001923076924
69,42,878.2538955372726
69,43,927.525012840268
69,44,938.8888888888889
69,45,812.5172473867595
69,46,951.3333333333334
69,47,910.1783950617323
69,48,1010.6534871794872
69,49,806.0345911949686
69,50,915.8821821305843
69,51,525.4712244897959
69,52,886.0813247863249
69,53,838.6459297052154
69,54,831.0494156041287
69,56,852.2406666666667
69,57,844.2364285714286
69,58,847.9856630824373
69,59,953.8593703703705
70,0,211.11111111111111
70,1,153.8
70,2,389.0975609756098
70,3,401.41486486486485
70,4,388.97048309178746
70,5,388.1403448275862
70,6,391.9993253968254
70,7,395.3267326732673
70,8,340.6666666666667
70,9,551.7379273504287
70,10,271.84358974358975
70,11,184.0
70,12,409.99349593496066
70,13,261.4646666666667
70,14,389.33734939759034
70,15,391.54612244897953
70,16,389.46153846153845
70,17,385.3253968253968
70,18,414.4801
70,19,385.9601941747573
70,20,633.0625
70,21,427.4779855371901
70,22,413.5092827004219
70,23,364.0
70,24,376.7042253521127
70,25,461.9479002153625
70,26,447.13157894736844
70,27,451.58093804590015
70,28,478.6035996055227
70,29,406.9484375
70,30,359.4805194805195
70,31,457.17311371237463
70,32,372.9130434782609
70,33,391.3076923076923
70,34,366.68536585365854
70,35,436.14112280701755
70,36,361.5
70,37,388.60377358490564
70,38,392.1264798850575
70,39,394.09318181818185
70,40,395.7857142857143
70,41,391.3854395604395
70,42,501.1490502793296
70,43,393.1384615384615
70,44,384.78125
70,45,385.9375595238095
70,46,394.7974041297935
70,47,446.7548532913167
70,48,447.18585317460315
70,49,355.19021126760566
70,50,388.71650641025644
70,51,245.1886507936508
70,52,379.2528735632184
70,53,375.0181818181818
70,54,415.19934136613864
70,56,388.6809278350516
70,57,381.40179487179483
70,58,377.4498484848485
70,59,365.139237012987
71,0,27.0
71,2,5.0
71,3,5.0
71,4,5.0
71,5,5.0
71,6,4.998900000000001
71,7,5.0
71,10,3.0
71,11,3.0
71,12,16.0
71,13,6.0
71,14,5.0
71,15,5.0
71,16,5.0
71,17,5.0
71,18,5.0
71,19,5.0
71,21,4.995073891625517
71,22,4.979166666666786
71,24,5.0
71,25,4.999768518518667
71,26,5.0
71,27,7.5
71,28,5.0
71,29,5.0
71,30,5.0
71,31,14.986541531174085
71,32,5.0
71,33,5.0
71,34,5.0
71,35,4.991550925926
71,36,5.0
71,37,5.0
71,38,4.999632082413333
71,39,5.0
71,40,5.0
71,41,5.0
71,42,7.5
71,43,5.0
71,44,5.0
71,45,5.0
71,46,5.0
71,47,5.0
71,48,5.0
71,49,5.0
71,50,5.0
71,51,3.0
71,52,5.0
71,53,5.0
71,54,4.999358974359
71,56,5.0
71,57,5.0
71,58,5.0
71,59,5.0
72,0,771.9444444444445
72,1,644.75
72,2,1493.3641333333333
72,3,1334.6716171617163
72,4,1327.4405882352942
72,5,1597.73375328084
72,6,1435.5251892551892
72,7,1367.7877972709553
72,8,1434.3846153846155
72,9,1420.674234057722
72,10,1029.487868852459
72,11,355.235
72,12,1490.433979411597
72,13,853.4905882352941
72,14,1579.0265454545456
72,15,1428.3774451097804
72,16,1411.008911764706
72,17,1283.4375
72,18,1417.6592265193372
72,19,1527.3067182130585
72,20,1871.1235063695494
72,21,1381.6559096945552
72,22,1457.1981481481482
72,23,1199.0
72,24,1441.9970833333334
72,25,1563.361620203658
72,26,1373.1078754578755
72,27,1428.404192683696
72,28,1487.222635623552
72,29,1474.402037037037
72,30,1290.7357142857143
72,31,1553.943343846109
72,32,1546.5
72,33,1543.3262411347516
72,34,1409.9191025641026
72,35,1399.8578222222222
72,36,1439.909090909091
72,37,1445.9397256097561
72,38,1393.3073371943372
72,39,1469.5068543046357
72,40,1366.7227722772277
72,41,1401.760096153846
72,42,1522.8152045606976
72,43,1354.3182795698926
72,44,1428.0065359477123
72,45,1293.5398136645963
72,46,1471.5045098039216
72,47,1376.1344730983303
72,48,1350.4358028455285
72,49,1454.5602319902318
72,50,1439.2496380090497
72,51,1028.9095061728394
72,52,1423.9695175438596
72,53,1277.677986111111
72,54,1538.575875085207
72,56,1300.3483219954649
72,57,1439.3210970464133
72,58,1439.2704809286897
72,59,1444.4564077669904
73,0,1142.625
73,1,1185.0
73,2,1866.1875
73,3,1804.5454545454545
73,4,1789.9166666666667
73,5,1856.076923076923
73,6,2989.0573529411763
73,7,2135.266666666667
73,8,2733.3333333333335
73,10,711.4166666666666
73,11,738.225
73,12,5013.16317016317
73,13,523.25
73,14,1756.076923076923
73,15,2006.076923076923
73,16,2701.45
73,17,1619.888888888889
73,18,1959.2142857142858
73,19,2090.6
73,21,1808.0625
73,22,4526.187512391527
73,23,3288.4615384615386
73,24,3417.315789473684
73,25,3292.868055555555
73,26,2363.285714285714
73,27,2730.2
73,28,2977.315789473684
73,29,3182.3333333333335
73,30,2378.125
73,31,3051.66
73,32,1980.0
73,33,2135.0
73,34,1372.375
73,35,1739.4316666666666
73,37,2030.4736842105262
73,38,1904.9375
73,39,1732.375
73,41,1863.6363636363637
73,42,2149.0
73,43,2001.45
73,44,1830.642857142857
73,45,2481.9333333333334
73,46,2078.176470588235
73,47,3073.8333333333335
73,48,1748.090909090909
73,49,1825.0
73,50,1616.357142857143
73,51,764.3571428571429
73,52,1756.5416666666667
73,53,2426.8125
73,54,2212.722222222222
73,56,2191.3571428571427
73,57,2129.9375
73,58,2091.6666666666665
73,59,2144.214285714286
74,55,2998.75
75,0,1519.017543859649
75,1,1387.0967741935483
75,2,1802.6734299516909
75,3,2145.1875
75,4,2144.6883333333335
75,5,3253.5185185185187
75,6,1959.9839484813533
75,7,2100.6288998357963
75,8,1464.9
75,9,399.0
75,10,1590.6686147186147
75,11,1148.9727272727273
75,12,7728.555182481752
75,13,4566.75
75,14,3068.2363636363634
75,15,2566.352980754186
75,16,1782.461627140975
75,17,1797.8387096774193
75,18,2093.3026553672316
75,19,1954.2444444444445
75,21,1868.8964658634538
75,22,2608.768267414404
75,23,2136.294685990338
75,24,2716.9484861368787
75,25,2142.797746598639
75,26,1910.7001265401193
75,27,2135.44766573296
75,28,1752.980487804878
75,29,1980.4227856394207
75,30,2167.8226039783003
75,31,2357.5073378466336
75,32,1503.6375
75,33,2480.0
75,34,2074.4444444444443
75,35,2365.607843137255
75,36,1459.6666666666667
75,37,1937.5177631578947
75,38,2034.0865
75,39,2130.0714285714284
75,41,2023.5703962703963
75,42,1808.4652397260272
75,43,1711.1596153846153
75,44,1906.6779155188246
75,45,1909.7354545454546
75,46,1933.6749311294766
75,47,2041.5546875
75,48,2482.9375
75,49,1927.6666666666665
75,50,1816.0011614401858
75,51,1109.3289444444445
75,52,1637.6693438003213
75,53,1818.0151515151515
75,54,1953.2417152575315
75,56,2040.1152777777777
75,57,2038.9860606060604
75,58,1954.2575757575758
75,59,1883.5713859020304
76,55,2259.643481869812
77,0,115.68181818181819
77,1,111.4375
77,2,206.14285714285714
77,3,238.41666666666666
77,4,243.8148148148148
77,5,177.77777777777777
77,6,232.04871794871795
77,7,199.0
77,8,174.36363636363637
77,10,102.6
77,12,228.64893617021278
77,13,150.5
77,14,216.0
77,15,182.33333333333334
77,16,191.5
77,17,188.75
77,18,187.23529411764707
77,19,376.27272727272725
77,21,190.2
77,22,173.99037037037039
77,23,174.47826086956522
77,24,240.8095238095238
77,25,264.9235294117647
77,26,226.5
77,27,282.3333333333333
77,28,199.0
77,29,203.54545454545453
77,30,188.94117647058823
77,31,219.5
77,32,211.5
77,35,173.24519230769232
77,37,257.32
77,38,169.9212121212121
77,39,399.0
77,41,197.07692307692307
77,42,204.73076923076923
77,43,319.0
77,44,267.2608695652174
77,45,260.5
77,46,195.95652173913044
77,47,399.0
77,48,199.0
77,49,980.0
77,50,315.6666666666667
77,51,101.15789473684211
77,52,183.625
77,53,188.57142857142858
77,54,206.45833333333334
77,56,178.96
77,57,183.15
77,58,182.33333333333334
77,59,168.75
78,55,346.1873015873016
79,2,1181.861111111111
79,3,799.0
79,4,853.5238095237856
79,5,810.3828571428666
79,6,899.716666667
79,7,805.2023809525239
79,8,499.0
79,9,1139.64583333325
79,14,999.0
79,15,1350.0
79,16,962.0
79,17,799.3333333333334
79,18,841.5384615384615
79,19,829.5
79,21,1131.0
79,22,1087.65
79,23,865.6666666666666
79,24,1386.2618055554167
79,25,1094.2888888886666
79,26,953.0
79,27,1011.9743589743847
79,28,982.8464912280527
79,29,891.6153846153846
79,30,799.0
79,31,785.7142857142857
79,32,569.5
79,33,1072.8181818181818
79,34,1068.9545454545455
79,35,793.5897435896924
79,36,299.0
79,37,912.1428571428571
79,38,823.05
79,39,1044.15
79,40,1524.0
79,41,1179.25
79,42,855.4814814814445
79,43,832.6
79,44,932.3333333333334
79,45,732.3333333333334
79,46,1001.5
79,47,1093.2333333336999
79,48,1057.4
79,49,1224.5
79,50,1126.3636363636363
79,52,899.5
79,53,865.0666666666
79,54,891.0
79,56,827.6538461538462
79,57,1136.5729166666667
79,58,1127.92
79,59,838.7636054419285
80,3,1211.111111111111
80,4,1300.0
80,5,1166.6666666666667
80,6,1177.7777777777776
80,7,1100.0
80,12,1156.1904761904761
80,14,1116.6666666666667
80,15,1116.6666666666667
80,16,1126.1904761904761
80,18,1200.0
80,19,1116.6666666666667
80,21,1124.4444444444443
80,22,1200.0
80,24,1155.5555555555557
80,25,1143.0555555555554
80,26,1122.2222222222224
80,27,1100.0
80,28,1137.4440374440373
80,29,900.0
80,31,1190.909090909091
80,34,1100.0
80,35,1100.0
80,37,1300.0
80,38,1200.0
80,39,1100.0
80,41,1300.0
80,42,1100.0
80,44,1333.3333333333333
80,45,1166.6666666666667
80,46,1133.3333333333333
80,47,1100.0
80,50,1166.6666666666667
80,52,1300.0
80,53,1200.0
80,55,1100.0
80,56,1113.3333333333333
80,59,1255.5555555555557
81,0,170.0
81,1,170.0
81,2,259.0
81,4,174.0
81,6,299.0
81,10,169.83333333333334
81,12,350.0
81,16,315.6666666666667
81,18,311.5
81,22,313.6666666666667
81,25,315.6666666666667
81,29,315.6666666666667
81,30,315.6666666666667
81,37,315.6666666666667
81,41,229.0
81,42,249.0
81,44,315.6666666666667
81,51,170.0
81,52,315.6666666666667
81,54,308.5
81,56,315.6666666666667
81,57,315.6666666666667
81,58,315.6666666666667
82,0,20.8
82,1,19.2
82,2,37.5
82,4,39.142857142857146
82,6,36.0
82,10,19.714285714285715
82,12,25.0
82,13,22.666666666666668
82,16,36.0
82,18,36.0
82,22,35.85
82,25,36.0
82,29,36.0
82,30,36.0
82,37,36.0
82,41,36.0
82,44,37.5
82,51,19.2
82,52,36.0
82,54,37.5
82,56,36.0
82,57,36.0
82,58,36.0
83,0,53.75
83,1,53.75
83,2,84.33333333333333
83,3,146.5
83,4,109.5
83,5,126.5
83,6,119.0
83,7,124.83333333333334
83,10,58.55555555555556
83,12,108.0
83,14,120.25
83,15,143.66666666666666
83,16,87.66666666666667
83,18,122.0
83,19,99.0
83,20,119.0
83,21,126.5
83,22,105.2875
83,24,120.25
83,25,118.61388888888888
83,26,111.5
83,27,94.0
83,28,105.2
83,29,119.0
83,30,94.0
83,31,119.0
83,33,106.5
83,34,139.0
83,35,119.75
83,36,119.0
83,37,111.5
83,38,111.5
83,39,125.25
83,41,116.5
83,42,122.33333333333334
83,43,94.0
83,44,119.0
83,45,115.0
83,46,120.66666666666666
83,47,121.5
83,48,139.0
83,49,149.0
83,50,99.0
83,51,61.35
83,52,123.0
83,53,119.0
83,54,111.5
83,56,111.5
83,57,119.0
83,58,119.0
83,59,104.0
